{"desktopweb":{"platform":"desktopweb","indexjl":"js","appName":"KSApp1","buildWar":"false","devicemessage":"This device is currently not supported","deviceexception":"Unknown Error Occurred <br/> Contact System Admin","importjsfiles":[],"javascripterrormsg":"To use this site, first enable your browser's JavaScript support and then refresh this page.","version":"1.0.0","category":"desktopweb/","bgcolor":"#ffffff","cssLazyLoad":true,"customFontsList":[],"customFontsUrlList":[],"fontsObj":{},"style":"width:100%; margin: 0px; padding: 0px;","bodyalign":"left","bodyAttrs":"style = \"width:100%; margin: 0px; padding: 0px;\" bodyalign = \"left\" aria-busy=\"true\" aria-live=\"polite\" aria-relevant=\"additions\" aria-atomic=\"false\"","enablexfsdw":false,"enablexfs":"false","isDebug":"false","csslist":[],"jslist":[],"enableViewportZooming":false,"webcsslist":[],"webjslist":[],"webheadertags":[],"htmlAttrs":"","ieMetaTag":"<meta http-equiv=\"X-UA-Compatble\" content=\"IE=edge\">","headPageFileName":"1032272166/desktopweb/head.html","bodyPageFileName":"1032272166/desktopweb/body.html","baseTag":"<base href= \"/apps/KSApp1/1032272166/\" target = \"_blank\"/>","baseLocalTag":"<base href= \"./\" target = \"_blank\"/>"},"indexPage":{"headPageFileName":"1032272166/desktopweb/head.html","bodyPageFileName":"1032272166/desktopweb/body.html","baseTag":"<base href= \"/apps/KSApp1/1032272166/\" target = \"_blank\"/>","ieMetaTag":"<meta http-equiv=\"X-UA-Compatble\" content=\"IE=edge\">","htmlAttrs":"","bodyAttrs":"style = \"width:100%; margin: 0px; padding: 0px;\" bodyalign = \"left\" aria-busy=\"true\" aria-live=\"polite\" aria-relevant=\"additions\" aria-atomic=\"false\""},"appconfig":{"buildoption":"debug","applocales":"","spa":"desktopweb","appid":"KSApp1","devicedblookup":"false","smsecure":"","cacheId":"1032272166","cacheUrl":"KSApp1/1032272166"}}